x1,x2,x3,y
0.0890428993982495,0.22839153062313855,0.36634600018463814,0.15218395020729808
0.5677298314164607,-0.02393055707232561,0.5541012952100972,0.6586211685454834
0.6185382594298283,-1.0,-0.09945915870336886,-1.2929405667236795
-1.0,0.14028119505546077,0.7732695357321597,-2.474921694075603
1.0,-0.13403262477432354,-1.0,5.805351735828251
0.7983694817288303,-0.9045697919596754,-0.6400383047087153,-4.135728087011342
-0.02860504570772049,-0.34767834177119883,0.45518653826951705,-0.3340663141218599
-0.30452857385800924,0.09676974112998171,1.0,1.603923876126092
-0.6084813009155232,0.06592824236189765,-0.6092008513114848,0.7387181013040404
-0.6843348786793517,-0.14251102273341454,-0.27821602441873683,-1.1927829447072984
0.7892512051872151,-0.3979504671722425,1.0,0.21102652797216692
-0.9739215336052012,1.0,-0.20098066422112204,8.764345679730223
-0.5608643914890692,-1.0,0.012398115716911962,3.6179775151563818
-1.0,-0.08843592028894487,-1.0,9.571067253019834
0.6920703962200945,1.0,-1.0,11.305844193450131
-1.0,0.7495267276614472,-0.962792636708798,16.446106657145048
0.2301594078927358,-1.0,0.2179536872863408,1.1028211065630111
0.5951179775984354,0.1437092006326277,0.5669510293587616,2.1087818088354844
-0.6731634085355185,0.021844015571028885,0.6374297314623458,-1.1598968661161564
-0.30914361283011726,0.4236791669399316,-0.19077873568357018,-0.38477542031180334
0.7139020776842433,-0.7927234378241053,1.0,-3.8239415074989687
0.05321003682632064,0.4138754758402876,1.0,2.184193759402533
0.21584908688349502,-0.4316480738201802,1.0,-2.6988311574665698
-0.5257402129008661,1.0,-0.27153390431180924,4.552530290705008
-0.20311307158217384,1.0,0.597885774384284,8.367323477645595
0.22513857943961568,-1.0,-0.5167570884867005,-1.658820727489916
0.6054198962717621,-0.5672218256267032,-0.3662519549578791,0.5658330474192629
-1.0,-0.24146551628422364,1.0,5.038911207960103
0.49009208206592225,-0.10111278922560873,0.9701442801821276,-0.9132529888924723
0.9953998115966562,-0.5418341996149729,0.8750379936148251,5.356034274395765
-0.9709451911554059,1.0,-0.49563268747927625,9.692358954291668
0.13594176057388707,0.10854573993130301,-1.0,-3.2865440398420267
0.2650799174984353,0.759906782291287,-0.5051290651440947,2.4824355406772285
-0.10788247058992195,-0.8689919353873341,0.15755811622577953,2.3303246002588125
1.0,-0.7298957991243624,0.6003582241377741,2.4480071123272342
0.2824329400486878,-0.35763235565475915,-0.8215099589353725,-0.0477095103001437
-0.3915752746783032,-1.0,-0.11191545365893063,3.3921404302890257
-0.18898444174655626,-1.0,-0.31943837582690615,1.7942973224373993
1.0,-0.3965501098959334,0.03653293589631623,3.9942668849540213
-0.18823986245504232,0.5871483433797609,0.009539863776078628,-0.10419756824834658
0.75725722096772,-1.0,0.0771381544931884,-3.1626603593339144
0.664113209784408,0.25090392753786595,-0.40754267802651256,1.3076833474258973
-0.7177938498892138,0.21573714205736705,-0.4073051730546624,-1.6372774404857917
-0.2210952322462556,0.7278600460678095,-0.20078877642713144,0.014202887858394186
-0.5191786389075541,0.13539936222848348,-0.13625565034007403,-0.03784797519747696
-0.7608979806180916,-1.0,0.6776309427516545,6.450924696218299
-0.4864934376478445,0.3888403821319202,0.08635892206371931,-0.5989748114864498
-0.4440003379317268,-0.281540241311925,-0.15764827250198787,-0.327940479004604
0.42790403409574695,-0.010384183575180561,1.0,-0.610857208510204
0.2082019316200734,0.7509519187270528,-1.0,-3.4974324549384277
-0.24186163157408136,0.6744701487181737,0.4769212344352518,0.5376057643475946
0.9953767272927958,0.2519175658952437,-0.08808544256309969,4.358745227401975
-0.42834894166311965,1.0,-0.47135846985443597,6.892901735072263
-0.38974859897036307,-1.0,0.591426002293614,2.2878046904394673
0.6472342310143422,-0.4155393299428516,-1.0,-4.550473537304798
-0.4167827780131146,-0.43930597920826586,-0.22853724190555336,1.4617804234175467
-0.6597588376785049,0.7978041077352953,1.0,8.945908536596049
0.14484011275758357,-0.11079995975295076,1.0,-1.1771663995056776
0.9285883049369859,0.7772682275898994,0.04130743752995958,6.2616269581744515
-1.0,0.9948583876203279,-0.16909123063571618,9.316098396256896
-1.0,0.4293524344424049,1.0,4.157864264246737
0.6871186849008621,-1.0,-0.642377520203705,-7.100091282268556
0.12178220001151607,-0.6626306053507083,-0.8147414419415746,-2.3276504405708884
0.7266341110149028,0.3001841820506681,0.8955433926948055,4.27882499822323
0.22309212320788085,-0.034147307496447565,-0.7025779105728385,1.3009251209185553
0.13123173240963992,0.08420796858548152,0.558705185299754,-0.21399700746296785
0.9051154956496996,-0.10417399436911423,-1.0,2.477143986654911
0.7762276285877387,0.12898675503609902,-0.06127230962903596,2.6951573827094517
-0.17950935569194648,1.0,-1.0,2.0141356770953456
1.0,0.01736186901995862,0.7042261204611784,8.426260840597612
1.0,-1.0,0.8189672424104759,-6.8560975798272645
-0.48044568885467664,0.47980575900133693,-0.8746237857426222,-1.9920194862104443
-0.8590592704489546,-0.1641897549958311,-0.3047777725855696,-0.7353733438117551
-1.0,0.16834834467589288,0.49323236994073594,-3.5245687768658684
0.5657594315801631,-0.5230875391414076,-0.39142383423430216,1.104749880865069
-0.4148809228234993,-0.08442755839569616,-0.3171721788253301,-0.0012842332126679623
-0.07079912951989908,0.00708642891757294,0.8412763045379001,0.152048802022473
1.0,-0.4164836863044832,-0.5931937445594293,5.214551867462193
-0.3810988300389433,0.7896531697882014,0.2763988035572429,0.8530522526816998
1.0,-0.029196513420499892,-0.8096118233956366,7.576100419629259
-0.6154283541222663,-0.2609219169506638,1.0,2.5376772842146478
-1.0,-0.14006943739065414,-0.0009917768166882723,-3.976749696073411
1.0,0.4044363231583765,-0.24621463831389145,4.677758398940349
0.9422882679248172,-0.4528212666480247,-1.0,0.743608906383044
-0.07136498740275621,-0.3038801984862525,-0.5240194715995885,0.48956135911810983
1.0,0.19960673438147447,1.0,15.868189982039691
-0.794057473101538,-0.3939360593140908,0.6319467976726059,0.8663283201274659
1.0,-1.0,-1.0,-29.888207849941214
-0.4567997490288793,0.549443577860186,0.090055613506975,-1.2657785885080086
1.0,-0.06321182983565965,-1.0,7.690250008951815
0.7577258088227061,-0.5304868202247854,-0.3296325877429169,1.009899700221105
0.010307712384835854,0.06449597386238648,0.8633780978398129,-0.25489318775677405
0.3976026037334963,-1.0,-0.6783550569635488,-5.147106069690233
-0.46169910631975886,-0.25684680758591627,-0.7877987282248358,-0.2675161931862349
0.14000574706069013,0.658633085337399,0.0520267634262821,1.5594565960598894
0.15238065701975323,-0.07436328933980363,-0.7598143190667992,0.7090539748785786
0.6979863035593818,0.6382807103090196,0.43708266696456266,2.3535803387410557
0.059545305628069034,-0.9855828463418164,0.7895547549724089,-2.4832384929805573
0.48459256901681824,-0.10299558143498255,-1.0,-3.3544383524352592
-0.028474278557796273,1.0,0.15386266695496653,8.475587643300484
-1.0,0.4490743514369906,0.9029273166941532,0.6006839747900444
-0.1549601367904676,-0.37174093561703203,-0.5885614708626308,0.9343210000249779
1.0,1.0,0.8070786710204112,18.307598508150228
1.0,-0.6472352303038555,0.12506967405635683,3.1481819263036703
0.21512998287329332,0.25768854521883644,1.0,1.1199812719894628
-1.0,0.4549903759188647,0.23168536204445878,-4.02638269515002
0.09861395427998243,0.9735583979208804,-0.3761426360473126,8.140266222511597
-1.0,-0.8657234214361114,1.0,18.121525679372606
-0.8129856650561982,-0.7530030899832201,-0.8438737539915613,2.328410959481886
1.0,-0.6012795097323489,-0.21961697453361673,3.0136494853723663
-0.2265629496568038,0.9822403498065804,-0.23051944629372678,6.24747399199972
-0.3395756606075966,-0.3452324744273523,0.4910538462478631,-0.15654660633651443
-1.0,0.1320655985219621,-0.851610085424108,5.148360429911142
-0.14932489526578396,-0.22133955903220337,-0.03190729740986531,-0.492330901133346
-0.3379542032633003,-0.7409776673383099,-0.7146240563376924,-0.2679479787561102
0.27890855989363694,0.48113105006457313,-1.0,-3.1732107947948083
-0.16902159240528247,-0.14473263649534962,-1.0,-3.1437914389169617
0.1537353400633623,-0.4818783266149962,-1.0,-5.47746921718082
0.22127146764355454,-0.5196068461956598,-0.5462593538103051,0.7022810374698976
-1.0,-0.1781078355789778,-0.5793192849118658,-1.3679619313086
1.0,-0.42645849094682475,-0.1679101857106695,5.136929901005465
1.0,-0.9923523372440062,1.0,-8.186093315533748
0.21293060189342494,-0.9673880968422204,1.0,-6.0478007932406435
-1.0,-0.6867821433033425,-0.9366894242931278,3.4378960164064445
-0.5995816022157783,1.0,-1.0,0.2673368868261806
-0.06865192221872207,-1.0,1.0,-6.587008882219983
0.4737457346489604,0.6434599221973012,-0.11786799257090852,0.941594493488197
-1.0,0.6088412755178474,0.4236831017718454,-3.861253234114772
-0.035153407825602834,-0.2110402572760075,-0.4921297833360725,1.19420617260987
-0.9412388488300605,0.05024431015223807,-0.26676713680894304,-2.5888712339060476
-0.199847267048203,0.5672031032902283,-0.655369854018764,-0.5534896151002738
1.0,0.7606587656373478,-0.08087228711190031,8.276961511733864
-0.003923904009671686,0.26787574534936764,0.37128536355998043,0.8412723027883191
-0.2958001017485983,0.5894499526513912,0.797657894824034,1.915030977263283
-0.6437643565866158,1.0,-0.31998854681012046,4.960972542932578
0.8972062474351348,-0.5050989119074143,-1.0,-2.8758961064332746
-0.1517024218096168,-1.0,0.25183490645610296,1.5797358702429374
-0.25318417211977984,-0.6156806346273942,-0.014817154864781523,1.2334364949011247
-0.1851623536204683,1.0,0.17236025329847027,6.69473018587936
0.2894173591881244,-0.6521864022527444,-0.4510677250155921,0.9887454437124186
1.0,-0.31778234027352026,1.0,7.228125432817262
1.0,0.38915143412717845,0.48769529749497753,7.675907367134908
-0.6124809990006022,-0.4200210937314963,-0.5014809517106458,0.10554831863818159
-0.9153245501278076,0.41515822828818605,0.14103136718174603,-3.8838539324903447
-1.0,-0.46343676800937206,1.0,7.875011466198408
0.5085744080147128,0.44694900167847385,-0.20569774590918866,1.283232815741865
0.8918008148524654,-0.03148730516233322,0.8678365465249194,5.636688310946188
-0.7642164029704348,-1.0,0.1154434840595624,6.768716142097775
0.2168978462675195,-1.0,0.9173009802235681,-4.545970064587939
-1.0,-1.0,1.0,21.945828967958402
-0.5194126720564283,-1.0,0.7672683569770828,1.376038941565789
0.6885138385686795,-0.26907345712455366,-0.9548599615018778,-1.950785479067296
0.5115396824203868,1.0,-0.06232532021940873,8.956158682773614
-0.12254710631657284,-0.3350944007902461,-0.5781104430828818,1.205110440430459
-1.0,0.28017112279386325,-1.0,14.644518768226645
-0.5782249268230604,0.6144064405085026,-1.0,-2.0949980866509215
0.5125935571159757,0.3661867260151239,-0.9737873974918059,-1.4499990761901091
-0.45108728103366524,0.8501503659417564,1.0,10.148158656470509
-0.6467645430621354,-1.0,1.0,0.9195686073497141
0.09073131748463847,0.24134245280829747,-0.5570287069285165,1.1760354780232647
-0.19231202807306902,0.2930610490480796,-0.03406443689751404,-0.2985643536969536
1.0,-0.9898975096694538,-0.7437481085201674,-13.349436074228754
-0.8778859023538395,0.2803058907362703,-0.8557654241636674,3.019643828827499
-0.7918720229663845,-1.0,-1.0,-4.162593793001577
0.06557858118983484,-0.1563263897475533,-0.9151991712400425,-1.2618979563104376
-0.08247672029804454,0.061086939537572604,0.26068175030143514,0.07604888744760496
0.4717185746528896,0.2936748752920657,-1.0,-2.001033742085559
1.0,0.26140308070458373,-0.5329628584185064,5.180026058063685
-0.979362786119415,-0.03771561905261622,1.0,3.5444085111232755
0.5147381232815971,0.12302582468135492,-1.0,-2.6997116611163436
1.0,0.10138664249496943,-0.2711665303577806,5.161448053504517
1.0,-1.0,0.3847774366453638,-7.1835186124449555
0.3620847941642944,-0.051078362240774444,0.5402557572367177,1.4125718990781668
1.0,0.9556744826750498,0.7102603702841959,16.24411310700025
-0.384262000599763,1.0,0.6431574532380206,6.985295057885842
-1.0,-0.21116473600354535,0.362642992094816,-2.7604591539312704
-0.8519966404558261,-0.2009369813482409,-0.16662968123665034,-0.46611850979227876
0.1573466477292047,-0.09149834389393807,1.0,-0.5581879155135703
1.0,1.0,0.9519115091675714,23.483319735021833
1.0,-0.05036693975148476,-1.0,7.9611002591740405
0.6910990686969185,0.3471874258440486,-0.3738144038306537,1.6561982622255689
0.9564345792142894,0.7598008051920282,-0.5541398214912348,6.442902685729418
0.1347776268415508,-0.7098053045987913,-0.5139105158553463,1.2886869637628027
-0.36431861473393456,1.0,0.1895792752912484,6.63441201419234
1.0,-0.01182183691394778,1.0,12.588339689818476
-1.0,-1.0,-0.06813694082262067,7.511861656138243
1.0,0.8221064268573082,-0.2275306939469166,8.776671098352207
0.06896556723750646,-1.0,0.5910555886687772,0.41087532016943507
-1.0,0.22646109576295403,-1.0,14.023142490115614
0.27236257739058667,-0.11865943967187165,-0.5591749598769338,0.8346385215191063
0.8338881837617953,-1.0,-0.7628474060371984,-13.133804917233967
-0.2368117219753012,-0.6109882358438898,0.3000133479521916,-0.10607883370342397
0.46759530436057095,-0.8947516685557142,1.0,-4.460624295734967
-0.7871574985662055,-0.8172172122577543,0.2963665606865633,3.6271621298307646
0.8251767458797337,1.0,1.0,16.010572943616467
-0.15174107578578178,0.32453365055538663,-0.6827079670136724,-0.5540809421172612
0.07266130377371938,1.0,-0.649500379021589,10.25744629904471
0.1779897777989401,0.5613745286481555,1.0,3.9353833373953044
-0.2021104841118062,-0.9214872512959955,-0.0026069923414391294,3.5614374728270817
-0.9934285452913902,-0.07283427132746345,-0.6705177340912729,0.1607962780441028
0.03683926624407019,-0.7409819796698485,1.0,-2.7589533710417737
0.7119266271222529,0.3400565693493094,1.0,4.955769111407231
-1.0,-1.0,0.8257116172655992,17.74979041471292
0.23478261936261213,0.4492801919336791,1.0,2.6389365475885893
-0.7166488784219673,0.7104351348633353,-1.0,0.10674404341263521
0.3553887239088944,-1.0,0.6975700846145441,-1.2195623831889106
-0.7957550563570135,-0.6697748694185481,0.093116952330899,2.0716977161035737
-0.5475846538156277,-1.0,-0.5804619367747537,0.09028256108669958
0.9328712356576465,-0.2021244318559614,-1.0,2.9749697458809012
-0.35756539917680996,0.9763274010992138,0.5123772275094458,5.861492158238846
1.0,-0.10634114583747367,-1.0,7.284440272989567
-0.04435939843257786,1.0,0.052965758138838304,7.520673645837044
1.0,1.0,1.0,26.39937362748362
-0.618626086971019,0.12902870980126568,0.1395088156663844,-2.1274644732475116
1.0,1.0,-1.0,39.21022827951182
-1.0,0.11896297912957499,0.5070308520962783,-4.215684127061318
1.0,-0.9608768231097666,-0.32419602324934127,-5.43370596068176
-0.11848342252781086,-1.0,0.12007607092560568,2.396544647974738
-0.41819132282954596,0.2387321424497748,-0.7167763539433705,-1.1392397339528313
0.042340577268596524,-0.0941454564304176,-1.0,-3.767540014224425
0.2671759053144884,-0.6380964857653579,0.9006394654937835,-2.381054370711576
-0.8917488647719034,0.3002321192005033,-0.34493116170740423,-1.7936625974511191
-0.8961554306124271,0.6120982506838715,0.7642359513788697,-2.003410379163237
0.6139047556920139,-0.675879248668233,0.5895207244907268,0.20436322366501708
-0.3203081942103563,0.566428935492211,-0.5024624186089752,-0.6742816007363565
-0.49828821373338905,0.3518364326680603,0.6385935331343984,-0.05256354990831735
-0.22955060315666365,0.36315649020309615,-0.36193968899498374,0.3878007379751924
0.33850215881978274,0.2926953354763835,0.751476685223702,0.9904600428088685
0.46163964140741887,0.9978993284892961,-0.005945180773189174,7.707645171889035
1.0,-0.33744746600842923,-0.26277636310427543,4.53735439435863
-1.0,0.23435580246914323,-0.4166461388233813,-2.6091124486046713
0.23769175341234972,-1.0,-1.0,-19.33697096365657
0.13435667498660409,1.0,0.7914811754909314,9.236569889233191
-0.7093341705053291,0.38817214559948465,1.0,2.9454990689093075
0.014238935132312891,0.9390444776329454,0.5026486889356201,6.472705474989426
-0.9509482090442993,-1.0,-0.07025138525294272,6.762842494757323
0.533185315639553,0.027520419276473973,-0.3442272751015867,1.6368749448033963
0.17383631674160793,-0.24771402797590714,-0.6583659768869803,1.931848048197479
-0.04612952850316132,-0.41110507136568164,0.8893973934194841,-0.8839751095889349
-0.1763889482232086,-0.7386317024362474,0.6251825844251115,0.7541394253562679
1.0,-1.0,-0.3537597091919431,-9.530176948149457
-1.0,0.45114433721660885,-0.2914266162583372,-2.065451242782101
0.22516502287291518,0.003857935680531055,-0.014509762519747227,0.630318889043604
1.0,0.526499523184992,1.0,23.218780076708157
-0.9682461086291139,-0.17128981064598237,1.0,4.421804130113296
-0.8945251730195647,-0.545139571864266,-0.6439672664983216,0.9844325782312761
0.9900433039223508,-0.8123079969143299,1.0,-1.850297589107246
-0.3494863399078243,-0.22759472764482092,1.0,-0.002667306947838677
-0.936230625890782,1.0,-0.87554127810894,9.73075636543563
0.5461439799988406,-0.06218487964324937,-0.8184999949279876,0.05442765480917777
1.0,0.32956537609133707,0.2273684593413452,6.620979884788028
-0.10195504700169811,-0.309261667405758,0.3000972538290356,0.6486161274973453
0.8668567798127726,-0.3295107754503963,0.4221629153742248,2.826686036979935
0.46140969574378143,-0.1991004766096296,1.0,-1.6133483121243914
0.35478408181933996,1.0,0.38690478146366525,7.189346961133614
-1.0,0.6331606280426902,-0.0030228250461667994,-1.6543813613256044
1.0,-1.0,-0.434284823715005,-10.85989848571595
-0.7846796366235749,-0.030552238433713574,-0.0029920410967840816,-1.6434330030177673
1.0,1.0,0.9033195136763019,22.11290287504696
-0.48342398555719157,-0.8538414939056647,1.0,-0.3611657062033844
0.37512361598680766,-0.6849862125963919,0.3307974812583834,1.2323886093568437
0.24990663165628768,-1.0,0.6611750140741699,-0.046119724780860016
-1.0,0.64858474267059,0.1400713615545155,-2.5609477518331842
-0.07235701626125035,1.0,-0.5119328510626144,8.765667048976304
-0.21740860758051683,-0.7272598538992818,-0.00901653533807334,1.5630025308117101
-0.0073912425890445554,-1.0,1.0,-6.931031508730997
-0.2596350952918698,1.0,-0.274445554516751,8.376050278339477
-0.24301911790786335,0.006928176981314316,-0.5707143311500218,-0.14501816472829482
-0.24145872375136812,-0.2720835126852177,-0.4539998539050698,0.7266636426963959
1.0,0.16298415945833922,1.0,15.275987358742404
0.9735307209834931,0.4636162603759333,-0.12821957206193613,5.009910170260751
-0.7443043484840222,0.7213073512525741,0.5185291083410535,-1.5527466773950513
-0.9914740654532932,0.827381143971814,0.11844029420784796,0.8547523411796308
1.0,-1.0,-1.0,-29.940299762449456
-0.680638665085803,-1.0,1.0,0.7741601936871173
-0.2504211438900392,-0.06576086089762057,-0.059003821045016114,0.05694359154394582
-0.4676587607834122,1.0,0.06682137966584678,5.746618421560416
1.0,1.0,0.2620711057966667,13.224434022066474
-0.7665424463614832,0.3243811500432605,-0.7927635205200798,0.6173719099316761
-1.0,0.18007922309581992,-0.6669572257802254,1.21279846856619
0.47829201968730795,-0.7583405378215289,0.9420819654563419,-2.883018160531734
0.060846463355101355,1.0,0.9042277203923281,10.688199384713142
-0.7529858449205542,-0.25670944545172136,-0.5035937566146826,0.4654023378548954
1.0,0.6734904610795838,0.6438925489344594,12.893326168533806
-0.5393829863637232,1.0,-1.0,0.9120668850004546
-0.15840358917683983,0.05017367031744824,0.5262955980565969,0.15808638501303174
0.5656627709692321,-0.13522005099519618,0.21053510020830046,1.59102921209422
0.1967362291985444,-0.4266767258270485,-0.7696171078973304,0.0709047267840905
-1.0,-1.0,-0.4383139484192926,5.093720818432211
-0.008643863318966494,-0.6708935661340785,0.3275110657654048,1.568933403855685
1.0,1.0,0.30066187800918365,13.066787493554171
-0.245226145493878,-0.7162552428878368,1.0,-1.458463185362606
-1.0,-0.4840050516017105,-0.41776111716812947,-1.5992541566334484
0.38795621670879954,0.5587049224988374,-0.4515631068046273,1.5471374463703684
-0.756757506039146,-0.3094672754037897,0.323734816062325,-0.4335946837926018
-0.7783893045836865,-0.747413489467907,-0.010480287483009443,2.9312968874276684
0.818054354983039,-0.5583767412977079,-0.5358372632425483,1.651694071902155
-0.20070344418015185,-1.0,-0.13276517202178217,2.2875205745648595
-0.27957016946839497,1.0,1.0,15.6323296099499
0.5141562868246838,0.47969256226288626,-0.5927776010928096,0.6523807320203598
0.7221513074838541,-1.0,-0.6033364086745774,-6.75369186382322
0.257863363066247,0.30749401860094117,0.2751849474034329,0.645784733784114
-0.6814479276241623,-0.478274832891886,-0.11689479084948773,1.3477676776256144
0.9409899388345293,-1.0,-0.5939676719206937,-11.277710493828492
-0.0372332420882826,-0.748010968923126,0.45725376227802106,0.4613462357053703
-0.1497706101187355,0.18036845802627743,0.6215756669651427,-0.11114407787898231
0.4399934055836985,-0.9864887783919682,0.6320140211938408,-0.4266904204015464
-1.0,-0.04836382450544008,0.26206871847545,-3.659281789901088
0.16295798532695538,0.72865639498552,0.2584742500376769,1.4175433488800369
-0.1806778919423606,-1.0,0.18400104946066653,2.7495187719516303
0.610047742559352,-0.11475598518260743,0.09200099925506189,1.512400020785469
-0.04591590686979874,-0.8208796683425785,-0.050499468087416455,2.5822469849815297
-0.35596524754105396,-0.858884796379187,-0.4636230833855688,1.7460513046126322
-0.5908767016630607,0.12548881756545227,-0.915579035630687,0.4448205287955148
1.0,0.2069851436964607,-0.3903435907153805,4.758790032400031
0.8479744318592533,-0.5789725564211066,0.7142632965003584,1.6744230884192564
-0.20984514195759174,1.0,0.7155380260221347,9.520709291915963
0.9960616397390145,0.559378035945624,0.2125742499349812,7.283081227219763
-0.7839269767939092,0.6656203564451506,-0.3011945737339463,-2.207869797599832
-0.7738000767931228,-0.5015933349297668,0.22772872789966225,1.2131482966260436
-1.0,0.8887095999568673,0.20236639932729772,1.3581602331672595
-0.906738285327805,-1.0,-1.0,0.5897684142903954
-1.0,0.22869749511465232,0.1507398921987455,-4.871510357292592
0.13922184684933514,-0.16615710498836433,1.0,-1.483219426557738
-0.28535074520513315,-0.06162939315583582,0.618308416286349,-0.28605741852139077
-1.0,-1.0,-0.1639944214937008,6.557569845288098
-1.0,0.5343905643298599,-1.0,18.057629531270273
-0.624917984949062,0.05593600563182122,-0.27333535815660226,-1.784090853919247
0.763243561538351,1.0,1.0,14.793321797907542
-0.6018677563648376,-0.18097473459277857,0.3938596842777691,-0.5045010546845592
-0.5333445327561992,-0.1701583244439704,0.835446771024112,-0.22329428231736814
-0.4957529305419164,0.04957717157483321,1.0,1.184799798356802
0.376457788780896,-0.32501712666292737,-0.15596285140895616,1.4751553974082643
1.0,0.25089091835377064,0.899270239628766,13.56514226370152
-0.31779358957997283,0.17285771707167785,0.6398413295043233,0.0240290039795914
-0.5617494602841182,0.013783128436708036,0.6232468315792516,-0.5101645340951693
1.0,1.0,1.0,25.890794121919388
0.6130686025263747,0.2997680726825762,0.9051269448181345,2.6668641345300483
-0.677183719393244,0.9605481879838724,1.0,14.80573748866999
1.0,-0.07556912315127162,-0.6442258080627843,5.373252650183521
-0.4335784471713693,0.6118962889197814,-0.13184274340606628,-1.099254488314333
1.0,-0.6435184383839563,-0.21012037924373406,2.942338165255876
0.32035168582911044,-0.30134368009280954,-0.010541429419726356,1.1971296827547468
0.07893258514281376,-1.0,0.42216685251630914,1.4026124281159185
-0.4972505822723998,0.04336309399805516,0.6833135788015785,-1.5500043399334265
1.0,-0.8733024290656117,0.8055991773496047,-0.07654929697407697
0.7742484287212281,-0.6718066431049052,0.6809677689707667,1.136191146920888
-0.11720423353960752,-0.11294543836674942,-0.2869475998978923,1.2898062306333957
0.0047110476650786826,-0.3987386900948138,0.4643451698901806,0.24887990217692835
0.9363417012418354,0.2291404340008838,-0.2458939906850941,4.258598492155802
1.0,-1.0,-1.0,-29.881829283263087
-1.0,-0.01781204725743679,0.2070844055330776,-4.464434462515785
1.0,0.4183518394079304,0.1749828566324383,5.93258234639149
0.07389668582989994,-1.0,-0.5873323186647585,-1.6310339923310226
-1.0,0.7177719845995238,1.0,8.81471835334055
-0.41680309999771836,-0.7777932047044962,0.3019104745103869,1.5758317734649336
0.864046680092935,-0.46436720961532374,1.0,1.0371352247307142
0.11303081721732933,-1.0,-0.5137340784162474,-0.5849311082908205
1.0,-0.11900620160025355,-0.10521429341613686,4.626292247474475
-0.41433768780374614,0.1857908816398628,0.13875308280966792,-1.236525292928719
0.6405843348522258,-0.08892882858504203,-0.2500187566293861,0.6744255299067575
-0.9806342813859132,-0.3877021883060674,0.6979126176040524,1.2449188521300716
-1.0,-0.9733705408275783,-0.33575220809848294,5.2810473743493205
0.6909825034154249,0.6756246575556015,0.7546969907407834,4.548223136242079
-0.41973931824325605,-1.0,-0.437746994785154,1.9998826008510886
1.0,0.19911152804316412,-0.40544804038661697,4.684798273499477
-0.7300473365863094,-1.0,-0.06798088270609304,6.102078955358517
1.0,0.7954035238083881,0.48572089910125693,11.092874297577087
-1.0,-1.0,-1.0,2.085796733256518
1.0,1.0,-1.0,38.882341195848305
0.39637659909036915,-0.5615058490650653,-1.0,-7.320761100993336
-0.7774102402690184,0.550135094330261,-0.18660604169358797,-2.1553272636153213
-1.0,-0.7497903389962766,-0.14209519451137065,2.078817452477581
-1.0,-0.6845038842297446,0.7337384447442947,6.681609630383333
-0.18954794049676704,0.27067179849212497,0.7700272711438587,0.35015391227149345
0.731703468835853,0.642573496655372,0.07654842206061496,1.7823577910036077
-1.0,-0.620765784067703,-0.5458696953128384,0.16265872899160372
1.0,-0.11689528241434322,-0.38232704460507416,4.513972495422388
1.0,0.21164504543613183,-0.47137368529394474,5.051917939711678
0.5058084323982248,0.4883811952698647,1.0,4.314938770571203
-0.7011941926458474,-0.5876571538813236,0.1373735657892996,1.4969081377385192
0.30623510233127016,0.12282512319591654,-0.5896774350728871,0.8693448490121569
0.08330101849715965,-0.24506219122191153,0.6956073767059014,-0.024166368428531648
1.0,-1.0,0.9114065151020891,-7.425191663653664
0.05353284017854154,-0.010473432382692716,-0.2515983504580075,0.6448559907398514
-0.1674618537675152,-0.3632101780661301,-0.3162269006418257,0.9286677959857539
0.19163808116543501,-1.0,1.0,-6.1770358118665065
0.04705192611906317,-0.37592118688937415,-0.08003714987163435,0.2588911590671984
-1.0,1.0,-0.05500631633336561,9.069115288361244
0.3104466144639204,0.49820203669635577,0.39234893248078717,-0.1584551001474429
-0.6895385065846553,0.15028720603445422,-1.0,1.7617870103461442
-0.9848658955348624,1.0,0.7985961062205191,3.508503647775711
0.15199640776478796,-0.26008554884195445,0.1775276161992032,1.138540883578631
1.0,-1.0,-0.3898306467922801,-9.304837914460482
-0.10632196350418699,0.25074003312980486,-0.3474092023152444,1.372821656126239
0.4618953053810897,0.3892478656330336,-0.4081994499474231,0.9873326803255167
0.15637288241204939,0.1984879371741617,-0.8380624283429685,0.6064205105939927
-0.3523963879056278,0.7022635233046823,1.0,6.451823082233729
-0.7651864759815799,-0.44922017477725373,-0.5062360059180611,1.3062495684494735
0.7139626208940291,-0.8956127634062738,-0.41405898797813556,-0.5766088116566586
0.6308836203495927,-1.0,0.416831382240602,-1.1992549880051255
0.3264892604470826,-0.7564409762221367,0.006213393661768096,1.4529445488711623
-0.1989167510147516,1.0,-1.0,2.6411711422999167
0.44197006464698063,-0.3877661846680205,0.17744498787587681,2.076091677954412
-0.28283045875721413,-0.5640778819891783,-0.08230837464336838,0.7936346690654793
-0.2935115532318173,-0.843097129818642,-0.07697287235353367,1.4346084551400593
-0.02101436227451714,-1.0,-0.7477284191801195,-5.3800945400880105
1.0,-0.6799368972409989,0.7133181060951095,3.773616394273414
-0.25095563738768534,-0.060700096190515085,-1.0,-2.7948845782123364
-0.4924386390792972,0.11005039092106217,1.0,1.646734237854231
0.10268288554902716,0.5884949808977316,-0.11212902858146845,0.7247373128962303
-0.7059194169932539,-0.26166427366316003,0.11497102768943734,-0.0013724003166619148
-0.2569903188951945,-0.10507875062255612,0.9016811873346837,0.33594452185253554
0.9530174825669717,-1.0,0.8944010350429068,-6.482857285161191
-0.7140326632283092,0.44946912838778674,-1.0,1.0728479406917193
0.5008556035274605,-0.9313459546832599,-0.1584003971507124,1.0998885079811116
-0.023295407092368325,1.0,-0.19904510700007005,7.797722128809151
0.3123172930535818,0.755144071358326,-0.6355799704975964,1.9372839559539585
-0.9429434503924472,-0.579991436301422,-0.7109253756660237,2.0357160063342628
-0.6390209186533791,1.0,0.05388594059321039,5.125141184681153
1.0,-0.684523345450128,1.0,2.139080860122856
0.2567245296377043,-0.13978606652450654,-0.3490377253953638,1.0831152596799214
-0.29346690786762686,0.6492363760677198,-0.023736615454117205,-0.35858443227912296
0.40932050020429855,-0.16867892464869283,-1.0,-2.9338807133256806
-0.891464715847289,-0.638840945808377,0.29273267599041475,1.9446213537407673
1.0,-0.004625717403192509,-0.4822264727865724,6.19687111555523
1.0,1.0,-0.26439070826113165,17.01291420634494
-0.36965568692333917,0.22322088039748422,1.0,2.0834233916175875
-0.17618975117116298,0.331012252324268,-1.0,-3.769769490742616
-0.29530317193316225,1.0,0.9168549742613146,12.723394956769988
0.931546026929198,1.0,-0.9483364342961109,28.024086760529535
0.5528033349888835,-0.4412607396767778,0.26253043643760865,2.140560022209146
0.7871372346576713,-0.5097750377897032,-1.0,-5.07014925479707
-0.7726275803468614,0.028105026868088245,-0.11414392026160547,-0.7116351431277765
-0.967883412645602,-0.5462251740386503,0.16390825255418906,0.21194192815493793
-0.7961842732968241,-0.0839290811013127,0.8412337571236481,0.3873474679614243
-0.9752787886652112,-0.49629236364250917,-0.8072199653199914,1.7752100893482186
-0.3882337314747961,-1.0,-0.09237610101059301,2.844574666357806
0.38251587176604906,1.0,-0.8590233634096593,10.763406553301577
0.8689760369714117,-1.0,1.0,-7.9346437228410265
0.34689029603893684,0.28099654579350863,-0.1240152240711061,1.5043287981951916
0.4531474267530644,0.5533810480986254,-0.335299703501416,0.7303222100731042
0.1952557556755825,0.03824306674166755,0.12900333804998265,1.3416912464603503
-0.5539980412676839,-0.935833045324119,0.869129943488766,1.7600180897718798
0.3434079485262982,-0.2470868632606249,-0.29225955871392695,0.6168264973834248
-0.9565429308738984,-1.0,-0.32389254133713896,6.170412518819533
1.0,-0.09026481835252098,-0.9335291369022434,7.892589822246631
1.0,-0.28372935845508906,-0.204412072495477,4.215504855650476
0.8960337825592375,-0.751612945631214,-0.6054330061307858,0.9851169158620343
0.3786143427100044,-1.0,0.013945472220586064,0.8727127243497513
-0.8403088527392997,0.7078704374762388,-1.0,5.032333177949572
-1.0,-0.6361071966030898,-0.241617178713037,-0.11978273508207588
0.44347391984316653,-1.0,-1.0,-21.389224664847674
-0.9483042813950586,-1.0,-0.8056992289751561,2.2572753809145683
0.11613525389789459,0.5184628692611324,0.8669064410645566,1.6712352859869424
-1.0,0.3632888973461421,0.6325443316151313,-4.573675205465739
1.0,-0.47813697723054793,-0.9414392167914098,5.220655173493133
0.6836525349767362,1.0,-0.5686788592562466,12.381453610591988
0.33559870744554043,-0.8857808056606247,-0.5360144969395644,-0.058430275117381206
-0.5656714911101406,1.0,-1.0,-0.17838321733073714
-1.0,1.0,0.4641165978164601,1.6963916858145023
0.9994398569515139,-1.0,0.4751484627909546,-6.632929092383556
0.4951589144252304,-0.8114051135919615,0.29286319702081376,1.4208300369476796
0.721637900628241,0.8418576175901389,1.0,10.891790897290702
0.11347401980870009,-0.07901969126326791,0.3538202473497045,1.2559735854053808
0.6197213477441597,1.0,0.23890211957870733,6.22095415319764
-0.21893674423293685,-1.0,-0.15023930930579366,3.245665026229997
-0.17543317144731962,0.20138456644022584,1.0,1.2332516012486703
0.9877039492678541,-0.7071494065564954,-0.20265969207876022,1.479293232416724
-0.9596638336215204,0.07565345702849147,0.27139183975076,-3.397253928201759
1.0,-0.18173807030551914,0.3152988738811582,4.99308907220382
0.15450401936830893,0.1519112236451028,-1.0,-3.3145256666087595
-1.0,0.0073896664490660235,-1.0,10.499548883146982
-0.12916546391852712,1.0,0.9364791209243213,12.492987093270724
1.0,-0.8738991691202116,1.0,-3.547374972463162
-0.9408639869112365,-0.2172266284420954,1.0,4.934403774544948
-0.4614871982398481,0.34073396649220355,0.37086443051003437,-1.7375394519969842
-1.0,1.0,-0.08839855664142271,9.24946282440676
1.0,-0.3331740646898591,0.16745733810514252,4.330550027797345
-0.11220818137839128,0.4556923858151962,1.0,4.140513426084635
-1.0,0.44430587558527845,0.5756402905932017,-4.999989821713482
-1.0,-0.25149678628289696,1.0,5.392878945484874
0.34934358550827493,1.0,-0.691774248426205,11.588992061570051
-0.6468163935161215,0.48469657419713763,0.2595121238150986,-2.387844328891572
-1.0,0.6349090765146261,-0.23420625857726085,-0.12479299661668802
0.25285182019549945,1.0,-0.1737794446540022,9.522399885788367
-0.7813380905685912,0.3944810352123127,0.4728764362553868,-2.730807299420409
-0.20317434063814166,0.36718395591956954,-0.28806979881341155,-0.8484131210686848
0.7457166512915769,0.873737848337302,-0.5701558479813942,5.814393367480822
-0.311593948673899,0.7808115033943168,0.745380605581923,2.488471258330665
0.3345585559935693,-0.4855841342354046,1.0,-3.7871895340377653
-0.1241969937102625,1.0,0.0951775070340406,7.433731168771845
0.20760685467916895,-0.9472300531444047,-0.87248259843281,-9.264685767611699
1.0,1.0,1.0,26.60929939799783
-0.6184634098066808,1.0,0.1383376696290215,5.061888182061102
-0.3341494924117092,0.5812106409993634,-0.2798100456937975,-0.8909967653798566
0.7079912131919053,-1.0,0.5315447440734598,-1.7306279040457917
0.14688924233166967,0.22944287685428066,0.9644507598053094,1.1988356243522515
0.4282425091736919,1.0,0.34981812154347613,6.6761215343014575
1.0,-0.9180933975929875,0.684401977316496,-2.311572412294576
-0.9030552549301618,-0.10690019532537653,-0.061660346872982164,-2.6033469970670367
0.3168408026946481,-0.47218324904306863,-0.30636374782984244,2.1337878222203477
-1.0,1.0,1.0,17.122415663762663
-0.40099384729011645,0.8957211797780449,-0.4691176064671927,1.9482940727480293
0.008209686334371913,-0.56567336942645,-0.4095387299982671,1.796863051054872
-1.0,-0.2849048285668194,-1.0,7.323226026520777
-1.0,1.0,0.041914565744273435,6.513171500235387
0.07075759411642779,-1.0,-0.3024011001027236,2.0333820875898874
-1.0,1.0,0.9326076894858988,9.976530579472447
0.2616226715165386,0.12568858847966835,0.2156290833242509,0.5144894369228248
1.0,0.6046825102287121,-0.9437492350816861,12.922049346858957
0.5426097754022099,-0.34151800496915974,-0.28335446683718457,1.0209839295561465
-0.538030256014949,-0.5904407053777994,-1.0,-3.609517226225528
0.5552920462768185,1.0,-1.0,7.354168661690996
0.9319618866333921,-0.1262028439730396,0.7206547227709688,5.12286705879357
-0.3221515694538004,-0.9804497963900474,-0.8988690468106628,-8.977864416244664
-0.1446518889767574,1.0,-0.5964220126416067,8.549043417838405
0.21034538729476515,0.14422312900984924,0.0104885461438593,1.7013787765834931
-0.7996043498737166,-0.8284459379978084,-0.2308740491536685,3.6189978456962058
-0.9632069841763942,-1.0,0.6581058215580067,13.62098115814312
-0.21783837283899832,-0.25339162300483076,-1.0,-3.2474459711958352
-0.949461333644126,0.6475419133975377,-1.0,13.973550069161703
-0.6200076761856133,1.0,-0.6555942830269872,3.2572438334509424
0.4547603240787004,-0.3764377749034393,0.49593897185975067,1.4617107271895704
0.9465068289138932,0.5026732560777081,0.3094302205672468,6.036034205566857
-0.26632498160357976,0.15332015698839663,-0.08518139564647953,0.4545041953254567
0.6169590796410274,1.0,-1.0,9.484369767667793
-1.0,-0.9879841116763259,0.6902141328516036,15.227761455177347
1.0,-1.0,-0.6353024307521455,-12.6917020928256
-0.7575368293434854,0.1334964579023885,-0.7476476693209968,0.8343226993588043
0.968735450018914,-0.6916556371068234,0.9743935945698092,1.432617301542543
-0.8965936508571508,0.00647765247708687,0.1507615711783088,-2.941578690710817
-1.0,-0.5458540700075694,-0.20790798048195014,-0.7958624492338596
-0.3092974557879471,0.9649622881889632,0.3664545766406804,4.792411390092637
0.5815423303975358,-0.675379926318233,1.0,-3.69118355860586
-1.0,-1.0,-0.5691875853921435,4.987340548051407
-0.33379812012130206,1.0,1.0,15.83106238493425
0.6923322566161223,-0.14726864512255355,-0.7092033042810042,2.237702047822888
0.5754702432723242,-0.6379759319644613,-0.16083943541484613,1.1264432981331816
-0.6595682463748047,-0.44252958739231296,1.0,2.8175707419661014
-0.7138206711447157,1.0,-0.7209903253815737,3.8586783426666065
1.0,-0.5346721590595154,-0.18263359061620288,3.556930789764633
-0.585313559242385,0.17989299779700763,-0.09027443092436371,-1.6481995766873867
-0.1881390000886336,0.2074863685467716,-1.0,-3.4662516186080055
0.7464585402381165,-0.39002094802770193,-0.6678390832475389,0.9854705768277623
1.0,0.38360740950522576,0.22732036853483573,7.6827769999624955
0.5764273066415169,0.15283614612450513,0.5346437031449784,0.9730031435277366
1.0,-1.0,0.3496080264170074,-7.296699298302221
0.76491872932274,0.5640684790327011,0.33493499740232435,2.9418867425495745
1.0,1.0,0.707813987382861,16.45078988175015
1.0,0.07920412072723959,-1.0,8.327510608904493
-1.0,-0.8715771926390634,0.10684825071608328,5.461241764896726
1.0,0.29386233304449005,1.0,18.558336594478753
-0.8231118636864763,-1.0,0.782160364890822,8.510377717035151
-1.0,0.3906580893711249,0.16402142655438778,-3.2673916552322906
0.9019055748766225,-0.037663887241975,-0.5587926846527802,2.937221054050371
-1.0,0.15214287835581763,1.0,2.9140538659656836
-0.8302849777036136,0.3121422176231492,-0.8901597972220059,2.3192558017829548
-0.10753695677619635,-0.020885131778260346,0.2613507629350136,0.2667971030165707
1.0,1.0,0.7265207630489272,17.30872224953015
-0.6379943084415518,-0.3220179541678283,-0.5561851822910584,1.189798603629527
0.19919778301700175,-0.5636525703818145,-0.40673933720246147,1.2286341473261468
0.07123453950338754,0.7755400751562542,-0.7698236682032029,0.47090134945579776
1.0,1.0,-0.1348353945939047,14.301057630229904
0.6656491259722481,-0.4269517332603645,-1.0,-4.767305319988466
0.5986807401753913,-1.0,1.0,-6.93838212400396
1.0,1.0,-0.5404329889841786,21.165273207109212
-0.6757943193434575,0.8804981547705568,0.6373775583485548,1.5768316026079632
-0.11886693186575914,-0.17774891861625974,0.2780568543695292,0.5367832035979967
-0.20380315422829787,-0.19362669930033616,0.5332256949570675,-0.3029431562170807
-0.9575400892303443,-0.0013831017630128173,-0.3560751312382,-3.228594510980109
1.0,-0.6884146666575228,0.15908990840444992,2.2080550593894346
0.6776384933450275,-0.12486774916065735,0.8796020690132487,0.31853246085488574
-0.4333718605311574,1.0,0.507345543296716,6.048699123596035
-0.07463330155470449,-0.9813789310169454,-0.966079023418984,-13.245152901794208
1.0,0.9217937165070875,-0.6529375601940606,16.744891133456875
-0.31625150498911636,1.0,-0.7235526194495361,5.88418103353346
0.12473044310893577,1.0,-0.4240185626502899,9.618667514765512
-1.0,-0.09122597552474998,-0.4606557412623178,-3.216790232064887
0.8426311867943732,0.8793498590520605,-1.0,10.306646114192503
0.4529827879480348,-0.9300530171491055,-0.6344736846305905,-2.441304159583002
0.5620594698609618,0.5661066723886903,-1.0,-2.0333608397002925
-0.5064068094484582,-0.1635823194635886,-0.27696845788009306,0.10532943542943225
0.541405295627466,0.01162666961659653,-1.0,-2.0402527478576866
-1.0,-0.7849312595679832,-0.9405982994460944,3.448068604712173
-1.0,-0.35264275998340766,-1.0,6.776597465720195
0.47684636696655436,-0.7446546882008791,1.0,-4.820764398939365
0.8656028875844086,0.9050707650215541,0.6074610910343012,8.593346841537707
0.20682546270415547,-0.7823004292811966,-0.7023570288483871,-0.8249614217004152
-1.0,-1.0,-0.19920390817594158,6.509784792584936
1.0,-0.9329142760991538,0.7383316729454188,-1.5861334514398475
-0.39735436802114443,-1.0,0.6637979074351998,1.4566105580118625
-0.25405745639395816,0.3676410234252485,1.0,2.621843940739115
-0.005419470691210071,-0.0019708513165339614,-1.0,-2.9818897430895137
-0.573426225552021,0.43929502617638416,-1.0,-1.7376412917625779
1.0,-1.0,-0.3643042520687605,-9.432781765360009
-0.4900621663846907,-0.9479382431354471,-0.6873346331997194,-1.0844765464756065
0.2729432014482194,-0.5271174173779596,-0.22016937588838803,1.7011764309956665
0.16402691429195437,0.4456767563118873,1.0,1.8147910360271333
0.4130021309357126,0.07854059961228721,-0.27462889987968553,1.010064387504181
-1.0,-0.8060463581744011,0.5184463901986249,7.422430305394058
-0.11059515082603055,-0.4045721574693766,-0.35607714423949366,2.032210135001104
1.0,-1.0,-0.6126161964161503,-12.34074394607143
0.9299868460133764,0.08941786973581567,0.23183834555497307,4.592860613802698
0.04985590103867854,1.0,-0.07965922707329187,8.630314664066358
-0.8113966254595855,0.6955772200032051,1.0,7.885206714635919
1.0,-1.0,0.7096514023004425,-6.111799005925819
0.9277150610270049,-0.7963127219705284,0.018546965071535526,0.24508667859771993
1.0,0.6240922001745113,0.23032145392666425,9.058692585104177
-0.35119165132982566,0.5086113597864377,-0.6342431776803708,-1.461993717309108
-0.35009220266138263,1.0,-0.4484746887726172,7.6560063053061596
-0.2324286662799624,1.0,1.0,13.920030730950396
-0.5403825611108817,-0.8879376330097379,0.31222952970710316,3.304002479156137
-0.6041257147391301,0.12527490491451276,-0.8934842609317502,0.24946005722481748
1.0,0.3288477012596027,1.0,19.704861865967942
-0.18377884190598603,-0.7824595105430141,0.4857430801712921,0.012572004486376853
-0.12308423534201562,-0.5533249656356873,0.7362153255144563,0.026840718042383745
-0.4273173987811345,1.0,0.16063476668382815,6.563509287267172
-0.44231641588081105,1.0,1.0,15.637968189087578
-0.5606308793772794,0.533196787340656,-0.6455471199536458,-0.4564623095527949
-1.0,0.8361960818672787,1.0,12.741396382232493
0.26750168202719804,-0.692160583132976,-0.9879582069787674,-8.20135265122971
-0.5716073465995288,-1.0,-0.04441922173692414,3.979130487092277
0.3594935048075687,-0.612241694396362,-0.024507048613468863,1.2294693908870613
-1.0,-1.0,1.0,21.431681029893547
-0.2539424717961496,0.5198593331456876,0.4603715810294855,-0.7659538405397917
-0.5668064409648346,1.0,0.5430297820579333,4.833848915863104
0.27334381911784744,0.36362937554096497,0.9518184393800053,1.0963523262830994
-1.0,-1.0,-0.5794587906447859,4.175708579165293
0.40539179538787384,0.11767725804106566,-1.0,-3.459525122681608
-0.5060026580376804,-1.0,-0.8708764328207703,-6.608645137887982
0.3865126273589259,0.17996841368357197,0.7085622323564569,1.0621656740112015
-0.43730072548257404,0.8613179629949552,0.5395637100119917,2.9917665164439855
-0.5070027071688774,0.8578894915759754,-0.4604363052310334,1.2754595106396622
0.6423097810685401,-0.01899108205816913,1.0,-0.13021425315294244
1.0,-1.0,1.0,-9.451346006742511
-0.519474272199695,0.9166556581741323,-1.0,-2.6002716420963305
-0.4511912837636096,-0.19987831603715045,-0.3020298295246808,0.44715986748723113
-0.15783414035113452,0.08732257821496114,-0.2668768033407267,0.17405562434517063
1.0,0.2628487242549886,-1.0,10.511209369056857
1.0,0.061468267296409085,0.2784887696180671,4.8819160526230885
-0.9576704359337505,1.0,-0.658805687778681,9.856883529345161
-0.3602028475673742,0.21662989445360226,1.0,2.301499575023033
0.2758970183390681,0.5167070225471386,0.03460474104050659,1.0633102930307128
0.4713421414214438,-0.17960192168431433,1.0,-1.5418761943783295
-0.08507703998664895,-0.060095478448219275,-1.0,-2.5257295562935473
0.47734390129797233,1.0,0.3618995667257159,6.7961201629444785
0.07099742808747322,-1.0,0.42233036434519433,1.1857185629610987
-0.9525360857025487,-0.870432191178111,1.0,14.92690348028612
-0.3200203207686916,-0.6117090110426655,0.8909011035225971,0.4247797586535977
-0.5571284429116194,0.32355801688973407,-0.5441691455982491,-1.2335310374661308
0.31679335675708953,-0.5222609624271228,-0.2700039935939318,0.6916158511046964
-0.28477566041377655,0.029043863548174897,0.38637709552388344,0.07255067298534679
1.0,0.4178160954446073,0.27325053854153536,7.635573509617626
0.3762567053190331,-0.45586451370768977,-0.39792528326443843,1.2268221195998632
-0.06403090484489327,0.6689522416822726,0.385418529869739,0.5296780680763034
-0.6217370147273737,-1.0,0.10573271524762684,5.284252275105016
0.09786860333003156,0.12637952762567872,1.0,0.8471997489300656
-0.9632660808031721,-0.43624188204001246,-0.32309137679367383,-0.7924497746254326
0.19722177811776964,0.8560500265190256,1.0,7.6277938596392305
0.16275680289765693,-0.7702305898324266,-0.34055942799720773,1.2520994752305645
-0.8350027402683498,1.0,-0.8756785002013183,4.210565415527657
0.6350377410786887,0.2799878148734567,1.0,3.5522562137867166
1.0,0.08342659071570879,-0.7449196952453774,7.269685443107625
1.0,0.11576211305614081,0.4092354578226325,7.378394525488859
-0.3845474196330554,1.0,-1.0,0.6771659718694966
0.11529127683133744,0.4052832370055941,0.11137696615887238,0.6086079516389618
-0.13290644289625164,0.1647566474940365,0.9415163523742214,-0.2742390114027057
0.3726818590307901,-1.0,0.14852421550836037,0.8760058957584658
-0.010272418844530895,0.5059327082777028,0.37094719021381284,0.27412723490260293
-0.007613285432714445,-0.015092561756830714,0.12414563913849719,0.38704672692130937
-1.0,1.0,-1.0,21.934642344913865
-0.5012975810322955,0.12712742001915434,0.21240811599192,-0.835792598053507
-0.757292670078813,-0.02710919241141929,-1.0,4.133854327026466
-0.638350763878216,-0.493592291344648,-0.8290729956676219,0.7198754509853685
0.003333507817829595,0.6095743386067716,-0.8767009025021841,-1.4543523640279008
-0.20618994887771835,-0.08930702404630653,-0.41862247245185924,0.9414021139035953
0.05589261654936073,-1.0,1.0,-7.459972733688447
0.13607629170822388,-0.3049650483451989,-0.4152932442526498,1.9995679706499923
-0.43322303526508366,0.004310034713096211,-1.0,-1.3472377170741645
-0.31062103599396673,-0.42426441987768393,-1.0,-2.638674004187841
-0.23927543650184213,0.027914787745465297,-0.7554433569168346,-0.14711877006261678
-1.0,-0.13230949959314153,1.0,3.5671320892445166
0.8796218057144496,-0.5058348180867154,0.9677038850499355,2.0087476084484144
1.0,1.0,-1.0,39.006744969563464
0.7216485265170178,0.5892341547453819,-0.756968457439821,1.1512787006992484
-0.2456067843871208,-1.0,0.48869622450983874,1.1048573194390574
1.0,-0.39019033475868725,-1.0,3.8132857746355793
-1.0,-0.04687064028760335,-1.0,10.9432231345578
-1.0,-0.598096484899199,1.0,11.330467774300482
0.3655890255690213,-0.26838636289378104,-0.7428078137714615,0.8403848999895863
0.5255763496437069,1.0,0.04428574254380724,8.052625651933685
-0.989347637767255,-0.3486408402840937,0.907566758095206,4.54905852894844
0.6744861227774623,-0.6324474194311769,-0.6488970858715255,-0.43115175216452584
0.5169317033807077,-1.0,0.02470814340861338,0.3581576505806141
1.0,0.9790558906654412,0.9107312554160296,21.308670983826307
-0.527750855917726,0.01590105204838066,-1.0,-0.2959957871389636
-0.6584103198590534,1.0,0.3014922215483993,4.136921895971098
0.24306410956601132,-0.4215675687776743,-0.5185953962059662,0.8883691394148523
0.21762809379749082,-1.0,-1.0,-19.02916045717079
-1.0,1.0,-0.03578075008809534,7.9429811881731025
1.0,-1.0,-0.7233748042755637,-15.591339892046095
1.0,-0.572797549835856,-0.9078817032021642,3.7137238131983237
0.03729614348176025,-0.05003636508514431,-0.6900980169266326,0.4824759029563779
-0.4413290532645322,-0.6258784221817222,-0.44012566313891677,0.10660525567213042
-1.0,1.0,-1.0,21.344361414473575
-0.34120397035936145,0.05401958897079773,-1.0,-1.6445354518861963
-0.779437790874236,-1.0,-0.25068689462211435,5.217331956773366
-0.17225092747887016,0.4724800832142684,0.020841600971474472,-0.24841499586268737
0.040933996780359916,0.2169959211173813,1.0,0.42887991566142736
0.47640842645736003,-1.0,-0.9987206993146318,-22.529571803939703
0.00043660687882574045,0.6949514485309045,-0.945281464296549,-2.914663015529357
-0.39274715618786904,0.3408814471780075,0.6616839265201586,-0.2788948233763521
-0.07090485531928925,0.6550657316053943,-0.27769404163737255,1.0731696896372864
0.9802362268664955,-0.034307545933671024,0.80623647268921,9.09189047145026
-1.0,-0.2579861758630393,1.0,4.949145360432955
0.9486628475722427,-0.5469156033406861,-1.0,-2.965003155693579
0.37867861300795114,-0.08041952435031807,0.518157291268285,1.5351693687872308
0.5600184356306712,0.7171602107015549,-0.37338191180252345,1.5654268906096918
1.0,-0.7808947435342208,-1.0,-6.446655762801958
-0.8208256390698956,0.9535616887420981,0.7591889465309278,3.9389571152196083
0.07820066246439228,0.6251659248384869,-0.2654523727106781,0.29120562823947527
-0.029812880301775646,0.4472768857401843,1.0,3.552383649530748
1.0,-1.0,1.0,-8.961460248717197
-0.6306673904026316,0.15197349592582143,-1.0,0.03586139605665639
0.801869973538117,0.08298378731821932,0.8083652163423611,4.471067059800507
-0.22337389297199772,0.05480101432220574,0.4790597558787202,0.3258350159994806
0.44825042475615495,-0.42557121561025113,0.4580033172362059,0.8273162026344396
-0.4405905795406839,-0.03865992075738345,0.4057961409427555,-0.28576253001384444
0.1688784300445001,0.26610848171821777,0.13929461044920988,0.6410518041002675
-0.890567295431524,1.0,-0.48168128344959715,6.2788366227155565
0.6607275177290639,0.9159629452528921,-1.0,5.849140654181673
-0.5183251286580388,-1.0,-1.0,-11.351526620241824
0.6602071823415612,0.8405467082359113,0.8111271266028324,5.944369575899263
1.0,0.9241650907718411,-0.05346721913019925,11.33407441695421
-0.38459600716443454,-0.6771011994856113,-1.0,-5.715830608499358
-1.0,1.0,-0.24294081233427578,10.271597904584668
-0.10633772531108399,0.12203014873429519,0.21512974668096674,-0.2665067122721456
-0.7583242909452819,0.22332877648926086,0.3983737514068397,-2.394663517953038
0.5975082518285129,-0.10458994339373184,-0.667736021493172,0.9031006975940084
1.0,-0.5656733473912126,-0.6466913757694481,4.440949694974787
0.8548022038449976,0.751137884516595,0.21683381027362136,4.536489837339743
0.8677157039960977,-0.01517303605814413,1.0,6.165130609555301
1.0,-0.017270926105738216,-0.7629107485433699,6.710169414560497
0.047553752706709584,-0.6903916360471294,1.0,-2.6443146778151183
0.8751778230355847,0.246768451794243,0.10086179470944279,3.3963821621569297
-0.4059503615988225,-0.10763037804939479,-1.0,-2.348191930838599
0.13427407127140278,0.9871382608467969,0.8109981360972809,8.577156627379939
-1.0,0.5479120927165368,1.0,5.696577974685809
-0.9167913877629814,-0.3314968302760515,0.6990653839233885,0.41799673626754297
-0.6900844934591042,-1.0,-1.0,-8.126355124029175
-0.8522387131523594,-0.3608176432867556,-0.9739395064255043,4.628348173880728
0.38881627956197007,0.71270042214603,0.1038627523155693,1.4922115157819824
0.8664201796082829,0.9256998429170369,0.10525149427542435,6.741491797969753
-0.25985632851662577,-0.17153343229383933,-0.05029409006774821,0.4077879929569612
-0.8509880103264729,-1.0,1.0,9.773343954115504
-1.0,-0.5064422739261731,-0.5982952582261534,-0.19151750005109766
0.21002843871213206,-0.44092765493729713,-0.2041086469279798,0.40726609931898616
0.2232852989953602,0.8152081671047484,-0.741615084141203,2.7737417702090026
-0.7408045524023132,-1.0,0.3356337824499156,6.493846786987824
0.7743288156101151,-0.3808585083923479,0.6316450346150921,1.4265398967440484
0.7267544871917933,-1.0,1.0,-6.761248548429347
-0.36819218755540684,1.0,0.013660222427892776,6.570562296919668
0.9616555440908063,-1.0,1.0,-9.23534603094398
0.3315089316539781,0.19771691580476358,0.1612344686769902,0.9603218589102787
-0.11387087260544493,-1.0,0.7082653621778252,-0.7438895266834704
-1.0,0.47547306114714516,-0.622429678792497,2.491004291877032
-0.413385353340028,-0.15592668407493893,-1.0,-2.0818240487392203
-0.2027708631009859,0.7957063356178893,-0.008366035156563756,1.211096690929359
-0.4369311928868149,1.0,-0.45542808269595425,6.959714203569648
0.06696634972825177,-0.3524479528609066,0.7625217811628162,-1.4542007360691351
0.4143994278647649,-0.6018197860997503,-0.14370077643560575,1.169837749709112
1.0,0.7939464079931842,-0.7044714668400722,11.628657399753278
-0.47440665800716375,1.0,-0.25952122954478263,6.402221026333977
0.9341078100413949,-0.7570107820266854,1.0,-1.865815412275571
-0.08906873163286555,-0.0011742105923613355,0.4228605426959715,0.6237956927096965
-0.4987949508080016,-0.040204706934159784,0.22224129759630196,-0.5144518624637653
-0.226614659473362,-0.40745635755228315,-1.0,-3.7691845410677627
0.4828971940483069,0.03666469975255371,1.0,0.17255256959149196
0.5858791664545764,-0.6328503493365292,-0.41768891600783187,0.24416577744948265
0.3796130472471737,-0.0015497066156084927,-0.36786142199972405,1.0370606554622326
0.35951226287332627,0.8381570164635308,-0.03557008325335609,3.0256793167862965
0.6256143144324864,0.2963689770432043,-0.8662241810694586,0.4160323425328171
-0.20109656073301774,-0.19845531886722423,-0.3378863175227462,0.9935649275226467
-0.2919952605505862,0.19265901202862934,-0.2819345086070366,0.5428919129818292
0.4141800305734902,0.8391975094025192,-0.12051186952711768,3.0688362729649494
0.17259025682736517,0.21989792243559925,1.0,1.1045571638932359
0.7668624813843223,0.07821548410191426,0.3838004650269431,2.5814987962517013
1.0,-1.0,0.5187370547820156,-6.0546061670480205
-0.47533311577851434,-1.0,-0.3091279779944529,3.239576380384781
0.8098600236958491,0.8195757158737464,-0.35014754074874643,4.259848994603632
0.02718199059505877,0.990905223998706,0.3785463690135047,6.673276020649737
0.44346907852988515,-0.16119835452458253,-0.33606620820056765,1.3697105562594545
-1.0,-0.6154534469371982,-0.9627948377101145,3.9647575022089994
-1.0,0.22229479970827204,-0.9024153354632651,8.561505859200187
0.548398934625562,-1.0,-0.430882283742843,-2.722242541793027
0.657837502990315,-0.4969112171143164,-0.672750843333537,0.9441469554042832
0.21356231853725083,-1.0,-0.3046930711484801,1.4697749477799638
1.0,1.0,-0.5241202254455015,20.442837129608904
-0.3835607888465489,-0.5008310153913811,-1.0,-3.6793681805778267
-0.9016633543362587,-0.5413076534131773,1.0,7.028988813707257
-1.0,-1.0,0.35395097152236854,10.577674389151719
-0.26225809201662464,-0.38115887203098686,0.6773276067394567,0.2503849231731424
-1.0,-0.20454858205192505,0.48283450520750204,-2.608218586654611
0.9737380898522148,0.11399149869947212,0.29029660086917675,6.41171463282836
-0.35928225235621314,1.0,-0.015523383353421627,6.41394496702979
-0.1706242756883145,-1.0,1.0,-5.80663953217498
0.4029567930037352,-0.41636044273247896,0.5372976166888428,1.010662573614024
-1.0,-0.9003093913051996,0.16962770762358348,6.094499660945543
1.0,0.7093138965794135,0.13238137467624966,9.065469259204974
-1.0,1.0,-0.030888545715937354,7.349447777531783
0.17985976396073755,-0.7107178012331166,-0.9633115162064076,-7.324411632335438
-0.6275842035766679,-0.33658887767181334,-0.6138152344510048,1.1542279875498482
-0.2597503940086834,-1.0,-0.4433569509924913,0.9703232916880604
0.8632452448723267,1.0,1.0,17.515282952479666
-0.2635753179928362,0.10644223200498626,0.49319952273742507,0.10036250628525595
0.041185082738462775,0.5638211880145745,-0.6443732990032012,-0.33631447073553855
0.2845054704106287,-1.0,1.0,-6.5298515110896265
-0.04101775401469676,0.40051687247177825,0.1300771740070228,-0.09889912168166407
1.0,-0.3871859245438476,1.0,5.477674375046508
1.0,0.10769024454658904,-0.3870397783566739,4.686312568099868
0.3297000400202308,-0.3132274942480151,-0.11445552520577684,1.6291134367272668
-0.15953294392888573,-0.1619218200661403,1.0,-0.5965181872979616
0.5685212239966189,1.0,-1.0,8.312653199231596
-0.8849238095468845,-0.34474190873735866,-1.0,5.858500238485356
-1.0,0.0018729308549958468,1.0,3.1671480120547124
1.0,-0.9508122626558904,0.4604811349812299,-4.21869962772843
-0.32566463622611463,-0.7252872402337849,-0.7316761685850299,0.3520633359433014
-1.0,-0.5033752554954665,-0.05454560887923865,-1.4484081008712153
0.319105434912786,-0.27134767026552153,-0.8070740858917942,0.4070490576203356
0.7687099481587776,0.06418355791386166,-1.0,-0.23241370405185474
1.0,0.9822978322509968,0.08598194227595224,13.639410023044293
-0.2561386096190621,-0.20964134992164496,-0.12942147393533787,0.761724004065177
1.0,-0.3975955749671183,-0.17494092375313985,4.711581402509498
-0.1676860082865006,-0.7110979686842764,1.0,-1.5342551380164713
-0.5090701794173498,-0.42291352686269224,-1.0,-1.7500495431285876
0.9444259082916413,0.5517542467904075,0.4030674768917324,7.597466033582254
1.0,0.4713360308050807,-0.5080870227895753,5.101758666901079
-0.20484265893724452,0.15336013331267817,0.4123579278893865,-0.09015187978807977
0.3653736913800787,0.2100389387945094,-1.0,-2.471283660959147
-0.04786099357876572,-0.8130707367622105,0.9101633659932131,-1.3626096237889254
-0.9719347840328909,-0.2670520429030352,1.0,5.360222991483339
1.0,0.6574714044099566,0.28824561789296044,9.157395264792628
-0.860659803364491,-1.0,1.0,10.414936046530391
-1.0,-0.2085180275504923,0.6872315563467231,-1.0819297080831016
0.5903506573722297,1.0,0.36591426807016325,6.287339219464957
0.5912456783783233,0.3281055509519879,-0.7942030658741783,0.07546325831719891
-0.14490407094939184,-1.0,-0.1369707037261494,2.9061871410531857
-0.14331361225387118,-0.08158746037934561,0.06052552130830624,-0.15471878067817713
0.243742428375624,0.2018917422161568,0.1579510225282359,0.6867483253534258
0.5700838060292359,0.24874407292730427,0.23898394116708443,1.2461931447288683
-0.8478019960254264,0.7517564961941876,1.0,9.062351841370496
-0.10903370074576402,-0.7248992339002511,0.9581807302236713,-2.396623393576853
0.7919413294331488,-0.11241333815946453,0.34203123918208833,2.176586052885546
-0.5175804683437288,-0.2913971692261761,1.0,1.5266467285786138
0.2869194190555444,-0.8034625883255466,-0.28388994339929563,2.7556104938087396
-1.0,0.2985696591607465,0.7468637674770466,-3.2237649268885424
-1.0,-1.0,1.0,22.14075952285991
-0.6368760033344161,0.012471797848062405,-0.08342671226016041,-1.4312592455207587
0.9426679733660435,-1.0,0.03440048559643216,-6.912182776703826
-0.1483665894478825,-0.32470592032629897,-1.0,-3.7327465094750507
0.212204334925997,-1.0,-1.0,-20.181010833112033
0.11792580008492504,0.5786746887470409,0.22709162652933812,0.3665821574601181
-1.0,0.17317823620072348,-0.4076979594855388,-2.2135706586242905
-0.6924376387888362,-0.4585634898147404,0.11271448999310807,0.5433159071780385
-0.41719790224840936,-0.21723996016501324,0.15538242361680776,-0.260519658217911
-0.18220357221352868,0.1314891790632573,0.5538438817071478,0.112288080244914
-0.42224560329330507,0.4033496899133817,1.0,2.796448160694224
-0.048392357325709456,0.633030957816191,-1.0,-4.5156267933620615
0.25508216584322163,-0.6757651301059637,0.3819326744904159,0.4245791151100188
0.6932339193074202,1.0,0.928956567451708,10.544189335740187
0.3634175886945483,-0.35645006210449703,-0.9814821471378894,-3.403732546310355
0.0677910484294626,-0.5111874356080504,-0.1511328242769705,1.2039183644053448
-0.21593172009011385,-0.11633262850831771,-1.0,-2.680068748989604
0.48979556321467,0.10820339425127612,-1.0,-2.675570653210091
1.0,0.6348448718123967,-1.0,14.581722467802894
0.1478406264255243,-0.9533212944449736,1.0,-5.986621404349656
0.3528881448179253,-0.9141420670569691,-0.07124675984110751,1.3805043884691877
0.14652152786090578,-1.0,-1.0,-18.496376669064418
-0.8435462299010714,-0.2176279729441446,-1.0,5.528505845608377
-0.3469943299870226,1.0,-0.7857194866492776,5.452410804524151
-1.0,0.7525090954603875,-1.0,19.547152181622266
-0.5363640434634809,-0.09147787436827248,0.2765966462369702,0.026856237266563054
-0.0686476697769749,0.7071807291254588,-0.7752923356803685,-0.8043104825809901
-1.0,-0.24524075146434576,0.438386345969608,-3.257100227300472
-0.08919650068148499,1.0,-0.557159945801013,9.525280680418817
-0.23437738052832757,0.3886171576188657,-0.4861860129092219,-0.03408860300245409
-0.31533926279779156,-0.8208460379272302,0.5531510070901604,1.5319129789961476
0.17440881089304128,-0.34524334843339455,0.40010878539034733,0.992998421162226
0.41952096382282256,0.6377076337095899,-0.029667992282817357,1.2291246322429903
-0.3973978102391089,0.5389725695801681,1.0,4.154218559614206
1.0,-1.0,-0.9850013401368731,-29.05798716838113
1.0,0.9788021264696518,1.0,26.52126270157183
-0.27424861231901865,-0.44472885909604165,-0.31764678066135565,0.5647709380764883
-0.11918004290177175,0.6827370600496943,0.2659169871407998,0.45389286660575445
-0.4726786699847745,-1.0,-0.9932796012956102,-11.9535703455497
0.45497176082128843,1.0,-0.31282866050915903,9.709634028805038
1.0,-1.0,-0.7021052012143139,-14.379950427649517
-0.094624839764333,0.34983338779499573,-0.6919169019564058,-0.11258699775216549
0.1306918923855649,0.16771183177637994,-0.037162836395983945,0.5262977086741142
-0.4304361966714656,-0.43709375023369446,-0.21770918837439113,1.405709342622357
-0.716674839576553,-0.2544491210967832,0.9717306727981927,2.2777152480165515
-0.04158434216742335,-0.9071309954290829,-1.0,-11.983191643394576
1.0,0.6893533643763747,-0.6906970125424019,9.307335556042977
0.2803562857708868,-1.0,0.11718317842218218,1.7199063384163336
-0.5372966289798107,0.27933726695347283,1.0,1.9272209459801517
-0.953968253296281,0.5573964954684496,-0.37356162764817546,-0.6891552740809512
0.09802345263205603,0.05909188454617298,0.26897555599403034,0.14526054501180585
-0.3252979660578439,0.2507682313419626,0.7551505831052874,-0.693080148345329
0.8625432888681634,0.4988182974433064,1.0,13.208440685646925
0.9125819407068292,0.2927574794083203,0.3188201515996125,5.52014659674771
1.0,0.676497568084443,1.0,25.403875625425037
1.0,0.5004175787236804,-1.0,12.27110648555696
-0.5715274014589025,1.0,-1.0,0.6173459600553538
0.4395461564356322,0.06268858878828287,-0.5671566323157204,1.3234507675231577
0.694308876650716,-0.34810803309169946,0.151607645205446,1.3466543563182622
0.32793811791390404,-0.8424833530097131,-1.0,-11.274352607534556
0.2209174121480062,0.3608419809521968,-1.0,-4.108673359987171
-0.3938893265859327,1.0,0.05079477703288693,6.510257500295943
0.5180434653115538,0.9234256416336188,-1.0,2.4983732603404953
-1.0,-0.7459096116507542,0.7249856847722087,8.315426782889027
1.0,1.0,1.0,25.93073558060287
-0.5753265350606214,-0.19063383754203533,-0.9386022824266476,0.2883935793408835
0.8488458960840672,1.0,0.559424068532246,9.574631660688091
0.12496167634303457,0.027610529378095716,-0.028098085440316778,0.8876153654245604
-1.0,0.35018620939986356,0.7605007270797952,-3.5292562698382066
1.0,1.0,1.0,26.174171709986943
0.48949903401171757,1.0,-0.5770378737259807,11.86992546126808
0.4291731201956006,-0.18115915924592962,0.7213593958751903,0.14892869649573914
1.0,-0.5698312210202048,0.673450530444965,4.750129715073351
0.19494177826960857,0.3669748938506363,-1.0,-2.666522076064526
-0.16619930641159275,-0.5370049102623649,0.9107739385114126,-0.6516210318774658
0.45448033147417344,-0.850861955678963,-0.9175409297161594,-8.633449929438079
0.47163729316957737,0.10978449880523855,0.7283617330628205,0.5871298640842613
-0.5429520846880029,-1.0,-0.03408877665414023,3.610574689285858
-0.29631619667913656,0.12850747446383926,1.0,1.8643347298966817
1.0,0.6458728367396489,-1.0,14.3165105374206
1.0,0.2309791515100974,0.021120338850395992,4.507680825643641
1.0,0.4118694559767784,0.06966632960845631,5.526315740699683
0.6696307911127719,-0.7172374027035417,0.9069885387424819,-2.363977499835894
-0.261923942857228,0.03356086230328659,0.42421527966130856,-0.15462094394376535
0.02126699571845303,0.3415950001651069,-0.39117820224656974,0.6528014954665764
0.06644743775359929,0.19519446891527692,1.0,0.9170202931463911
0.894948648965044,0.7506218173715835,0.03718708756829936,5.418733851337274
-0.9209293251208102,0.07758093587376913,-1.0,8.107974690326888
-0.19240514581298074,-0.22511017075405282,-0.5190770553255939,-0.05809980957957728
0.005565047924698474,1.0,-0.9511088411552446,6.804185131600764
-1.0,1.0,1.0,16.5472946833917
0.06990054927265721,0.5275815809408038,-0.8659920708240831,-0.43795441139925806
0.5733780651904135,0.9651631291877987,0.6769246824718402,6.412033428519408
0.9964204086275221,-0.12359947128823179,0.15450447659966748,4.835746000442209
-1.0,0.7252831596676728,-1.0,19.07146086602122
-1.0,0.6147337533032076,-1.0,19.16618583431529
0.5161116686736069,-0.10356339065875475,-0.8661051573064891,-0.0777051388974751
-0.1420815895909353,0.4172626040570335,0.5037104189030728,-0.022660906467077937
0.4440250617815711,-0.8368340495915543,0.46180064622174144,0.09177826527217237
-0.8920066122541754,0.9333952615007397,0.8780553632862906,5.856501775998614
-0.8174093250649199,1.0,-0.9817217952093296,4.349557482947018
-0.4723664867766453,-1.0,-0.10887724149198319,4.388512207396037
-0.02781538675101136,0.5393790529359079,0.539319599842597,0.19259675218590228
1.0,0.30978077484896516,0.19599293813922025,6.464702135564371
-0.5014854754328597,0.680203552665652,0.7218542340422882,0.8516534962847214
-0.24153528744718544,0.3946693192351107,1.0,3.145076650887356
0.9774811236615966,-0.23765637166346787,-0.3356330617546177,3.9890910847749637
-0.6890941348518058,1.0,-0.8655228205157355,2.048077769321398
0.26968588764596735,1.0,-1.0,5.7740442330023685
1.0,1.0,-0.80466440938434,29.761885071527608
-0.3296994457114595,0.30464600277371323,0.5879812070135995,-0.6217827334943129
-0.5435564766954988,-0.4181099029047417,0.49430947240366896,0.4781131511693595
-0.2509711466334712,-0.6289423424924327,-0.7862181238318324,-0.6976801742899976
-1.0,0.18430593336608925,-0.10456151249444234,-4.09979162475694
-1.0,0.6778518888305436,0.12350365892678994,-1.1143851154076247
-0.9928165215762101,0.08586407066751645,0.3137894100252774,-4.481578979257746
-0.6926284740600253,-0.018527939902851065,0.8761972824967073,-0.0852517549752444
0.5699744017495643,0.40887354752577276,-0.06823046976818747,1.9311141165181556
-1.0,-0.1558418263884016,-1.0,9.56597144477738
-0.7290940576636928,0.6132899203337003,0.07637202061966164,-2.3587454548683784
1.0,0.8708924563427363,-0.18236340096610038,9.30539695993864
0.902315196949341,0.3448230556743066,-0.021918077972418848,3.0886807949470683
0.5326044304136601,-0.8346121408091294,0.5848967210212115,0.5774638493129085
-0.26679177973530654,-0.7394128675363347,0.11563166945711534,1.452849402347323
-0.22558979525877865,-1.0,0.6054974743508721,0.4910509013693771
-1.0,-0.8690202920005836,-1.0,5.186419186018763
1.0,-0.049518309400605975,0.7212903340444734,7.906219780612445
-0.39729512550126,-0.3639748190044545,1.0,0.892305713671816
1.0,-0.14182949846211268,-0.894453258744486,7.281247868397787
0.037278101392132834,-0.42728905796310435,0.4178072005753657,1.1298919080835519
-0.9801242448342251,1.0,-0.7131937351608266,11.522841491502117
-1.0,1.0,0.9063155400713059,8.8514883013612
-0.9082713881899165,-0.10031105066339308,0.43423827349635347,-2.488234189277925
1.0,1.0,-1.0,38.45712013600761
-1.0,1.0,-1.0,21.502621844365358
0.03565600029634597,-0.9166691334259731,0.3068474983295191,0.842703709189581
0.7672037786230479,-0.0690339201589949,0.5738030094485833,3.279410389344189
0.7552284195964587,0.9629749363912716,-1.0,10.154597875395186
-0.19949505947888135,0.053560475769473204,-0.03659853245809974,0.07179158374402751
0.46362605992417816,-0.6955598749739682,0.6157863544236706,0.3377783410353384
-1.0,0.1599736493233226,0.1345005172513034,-3.8520071100688424
-0.2989840479837047,-0.5283072370657127,-0.2483719566324023,0.6036572853492618
-0.037354777286655594,-0.3338815294920616,-0.42317443542144595,0.5829261595824091
